{
  "Total" : {
    "transaction" : "Total",
    "sampleCount" : 1000,
    "errorCount" : 0,
    "errorPct" : 0.0,
    "meanResTime" : 123.09999999999988,
    "medianResTime" : 91.0,
    "minResTime" : 3.0,
    "maxResTime" : 3451.0,
    "pct1ResTime" : 185.0,
    "pct2ResTime" : 257.94999999999993,
    "pct3ResTime" : 1749.6200000000013,
    "throughput" : 101.9160211985324,
    "receivedKBytesPerSec" : 188.40609712596822,
    "sentKBytesPerSec" : 56.92965246636771
  },
  "GraphQL likeUser" : {
    "transaction" : "GraphQL likeUser",
    "sampleCount" : 1000,
    "errorCount" : 0,
    "errorPct" : 0.0,
    "meanResTime" : 123.09999999999988,
    "medianResTime" : 91.0,
    "minResTime" : 3.0,
    "maxResTime" : 3451.0,
    "pct1ResTime" : 185.0,
    "pct2ResTime" : 257.94999999999993,
    "pct3ResTime" : 1749.6200000000013,
    "throughput" : 101.9160211985324,
    "receivedKBytesPerSec" : 188.40609712596822,
    "sentKBytesPerSec" : 56.92965246636771
  }
}